date_id,member_id,location_id,item_num,qty,amount
20240501,1001,101,ITM-102,1,25.5
20240504,1010,101,ITM-110,1,210.0
20240502,1001,101,ITM-101,1,35.0
20240502,1003,102,ITM-105,2,45.0
20240505,1004,103,ITM-106,1,22.5
20240504,1002,105,ITM-104,3,15.0
20240501,1002,105,ITM-103,1,89.99
20240503,1005,108,ITM-107,1,19.99
20240505,1008,109,ITM-109,1,120.0
20240503,1007,110,ITM-108,1,55.25
