date_id,member_id,location_id,item_id,qty,amount
20240501,1001,101,W-Mouse,1,25.5
20240502,1001,101,Mon-Stand,1,35.0
20240501,1002,105,M-Keyboard,1,89.99
20240504,1002,105,Mouse-Pad,3,15.0
20240502,1003,102,USB-C Hub,2,45.0
20240505,1004,103,Lap-Sleeve,1,22.5
20240503,1005,108,Desk-Lamp,1,19.99
20240503,1007,110,Webcam-HD,1,55.25
20240505,1008,109,SSD-Drive,1,120.0
20240504,1010,101,G-Chair,1,210.0
